Unnamed: 0,BETA geoid = Aes,TYPE,MONIKER,INTERNET_ADDRESS,Unnamed: 5
34,BETA geoid 1034,GEOGRAPHY*TYPE*R,La Rioja,,
39,BETA geoid 1038,GEOGRAPHY*TYPE*J,Palacio de la Aljafería,https://www.wikidata.org/wiki/Q1354033,
78,BETA geoid 1071,GEOGRAPHY*TYPE*T,Muro,,
88,BETA geoid 1081,GEOGRAPHY*TYPE*T,Arlanza,https://www.wikidata.org/wiki/Q5704298,
101,BETA geoid 1093,GEOGRAPHY*TYPE*T,Puebla de León,,
111,BETA geoid 1102,GEOGRAPHY*TYPE*R,Castilla la Vieja,https://www.wikidata.org/wiki/Q1043594,
112,BETA geoid 1103,GEOGRAPHY*TYPE*R,Castilla la Nueva,https://www.wikidata.org/wiki/Q1947581,
122,BETA geoid 1113,GEOGRAPHY*TYPE*T,Cabriñana del Monte,,
124,BETA geoid 1114,,,https://es.wikipedia.org/wiki/Condado_de_Cervell%C3%B3n,
138,BETA geoid 1123,GEOGRAPHY*TYPE*U,Ducado del Infantado,https://www.wikidata.org/wiki/Q59241456,
139,BETA geoid 1123,,,https://es.wikipedia.org/wiki/Ducado_del_Infantado,
142,BETA geoid 1126,GEOGRAPHY*TYPE*U,Ducado de Wellington,https://www.wikidata.org/wiki/Q1264633,
143,BETA geoid 1126,,,https://es.wikipedia.org/wiki/Ducado_de_Wellington,
155,BETA geoid 1136,GEOGRAPHY*TYPE*c,Earl of Guilford,https://www.wikidata.org/wiki/Q5326285,
156,BETA geoid 1137,GEOGRAPHY*TYPE*T,Juandería,,
166,BETA geoid 1146,GEOGRAPHY*TYPE*T,Romré,https://www.wikidata.org/wiki/Q2140111,
167,BETA geoid 1146,,,https://fr.wikipedia.org/wiki/RomerC3%A9e,
186,BETA geoid 1160,GEOGRAPHY*TYPE*T,Cervatos,https://es.wikipedia.org/wiki/Cervatos,
187,BETA geoid 1161,GEOGRAPHY*TYPE*K,Reino de Castilla y León,,
194,BETA geoid 1168,GEOGRAPHY*TYPE*EN,Encomienda de Calatrava,https://www.wikidata.org/wiki/Q2933633,
214,BETA geoid 1179,GEOGRAPHY*TYPE*T,Altemps,https://it.wikipedia.org/wiki/Altemps,
217,BETA geoid 1182,GEOGRAPHY*TYPE*T,Giraci,,
220,BETA geoid 1186,GEOGRAPHY*TYPE*T,Nempes,,
225,BETA geoid 1190,GEOGRAPHY*TYPE*R,La Sisla,https://www.wikidata.org/wiki/Q17625783,
228,BETA geoid 1193,GEOGRAPHY*TYPE*K,Armenia,https://www.wikidata.org/wiki/Q208404,
229,BETA geoid 1194,GEOGRAPHY*TYPE*K,Portugal,https://www.wikidata.org/wiki/Q45670,
238,BETA geoid 1202,GEOGRAPHY*TYPE*MN,Abbaye de Morimond,https://www.wikidata.org/wiki/Q546628,
239,BETA geoid 1203,GEOGRAPHY*TYPE*T,Rachí,,
240,BETA geoid 1204,GEOGRAPHY*TYPE*MO,Monte Sinaí,https://www.wikidata.org/wiki/Q377485,
247,BETA geoid 1209,GEOGRAPHY*TYPE*MO,Montañas de Prades,https://www.wikidata.org/wiki/Q6745874,
248,BETA geoid 1209,,,https://es.wikipedia.org/wiki/Monta%C3%B1as_de_Prades,
249,BETA geoid 1210,GEOGRAPHY*TYPE*U,Ducado de Bar,https://www.wikidata.org/wiki/Q706679,
250,BETA geoid 1210,,,https://en.wikipedia.org/wiki/Duchy_of_Bar,
254,BETA geoid 1214,GEOGRAPHY*TYPE*R,Los Vélez,https://www.wikidata.org/wiki/Q1116313,
255,BETA geoid 1214,,,https://es.wikipedia.org/wiki/Los_V%C3%A9lez,
260,BETA geoid 1219,GEOGRAPHY*TYPE*D,Diócesis de Megara,https://www.wikidata.org/wiki/Q1917128,
261,BETA geoid 1220,GEOGRAPHY*TYPE*D,Diócesis de Sarda,https://www.wikidata.org/wiki/Q125843955,
264,BETA geoid 1223,GEOGRAPHY*TYPE*D,Diócesis de Osimo,https://www.wikidata.org/wiki/Q873540,
270,BETA geoid 1226,GEOGRAPHY*TYPE*T,Granjac,,
277,BETA geoid 1233,GEOGRAPHY*TYPE*T,Villafranca del Castillo,https://www.wikidata.org/wiki/Q9094006,
279,BETA geoid 1235,GEOGRAPHY*TYPE*T,Alcalá de la Alameda,https://www.wikidata.org/wiki/Q97627056,
316,BETA geoid 1267,GEOGRAPHY*TYPE*K,Reino nazarí de Granada,https://www.wikidata.org/wiki/Q238445,
319,BETA geoid 1270,GEOGRAPHY*TYPE*T,Casa del Moral,,
322,BETA geoid 1273,GEOGRAPHY*TYPE*T,Triana,https://www.wikidata.org/wiki/Q957828,
325,BETA geoid 1275,GEOGRAPHY*TYPE*T,Santa María de Montemayor,https://www.wikidata.org/wiki/Q98061421,
326,BETA geoid 1276,GEOGRAPHY*TYPE*D,Diócesis de Arequipa,https://www.wikidata.org/wiki/Q106984518,
330,BETA geoid 1280,GEOGRAPHY*TYPE*CA,Galicia,https://www.wikidata.org/wiki/Q3908,
332,BETA geoid 1282,GEOGRAPHY*TYPE*T,Rockport,https://www.wikidata.org/wiki/Q3448074,
339,BETA geoid 1289,GEOGRAPHY*TYPE*R,Norte de España,https://www.wikidata.org/wiki/Q14208861,
340,BETA geoid 1290,GEOGRAPHY*TYPE*U,Ducado de T’Serclaes,https://www.wikidata.org/wiki/Q5814759,
341,BETA geoid 1290,,,https://es.wikipedia.org/wiki/Ducado_de_T%27Serclaes,
345,BETA geoid 1293,GEOGRAPHY*TYPE*T,Cábrega,https://www.wikidata.org/wiki/Q8353063,
359,BETA geoid 1302,GEOGRAPHY*TYPE*SO,Lakelands House,,
371,BETA geoid 1312,GEOGRAPHY*TYPE*T,Santa Maria de Merlès,https://www.wikidata.org/wiki/Q15541,
378,BETA geoid 1320,GEOGRAPHY*TYPE*D,Diócesis de Sabina,https://www.wikidata.org/wiki/Q105425887,
382,BETA geoid 1324,GEOGRAPHY*TYPE*EN,Encomienda de La Presa,,
388,BETA geoid 1330,GEOGRAPHY*TYPE*MO,Sierra de Tudia,https://www.wikidata.org/wiki/Q23979012,
402,BETA geoid 1341,GEOGRAPHY*TYPE*T,Condado de Mélito,https://www.wikidata.org/wiki/Q72258,
404,BETA geoid 1341,,,https://es.wikipedia.org/wiki/Condado_de_M%C3%A9lito,
405,BETA geoid 1342,GEOGRAPHY*TYPE*C,Condado del Real de Manzanares,https://www.wikidata.org/wiki/Q5781920,
407,BETA geoid 1342,,,https://es.wikipedia.org/wiki/Condado_de_Real_de_Manzanares,
417,BETA geoid 1351,GEOGRAPHY*TYPE*T,Serracines,https://www.wikidata.org/wiki/Q6125925,
436,BETA geoid 1366,GEOGRAPHY*TYPE*D,Diócesis de Mallorca,https://www.wikidata.org/wiki/Q871832,
439,BETA geoid 1368,GEOGRAPHY*TYPE*T,Osorno,https://www.wikidata.org/wiki/Q63517226,
440,BETA geoid 1368,,,https://es.wikipedia.org/wiki/Osorno_la_Mayor,
446,BETA geoid 1373,GEOGRAPHY*TYPE*T,Villarreal,,
456,BETA geoid 1382,GEOGRAPHY*TYPE*M,Marquesado de Montaos,https://www.wikidata.org/wiki/Q6000662,
458,BETA geoid 1383,,,,
459,BETA geoid 1384,GEOGRAPHY*TYPE*U,Ducado de Castroterreño,https://www.wikidata.org/wiki/Q5814563,
460,BETA geoid 1384,,,https://es.wikipedia.org/wiki/Ducado_de_Castro-Terre%C3%B1o,
463,BETA geoid 1387,GEOGRAPHY*TYPE*C,Condado da Esperança,https://pt.wikipedia.org/wiki/Conde_da_Esperan%C3%A7a,
466,BETA geoid 1390,GEOGRAPHY*TYPE*T,Karshamn,https://www.wikidata.org/wiki/Q510223,
508,BETA geoid 1419,GEOGRAPHY*TYPE*T,Xabregas,https://www.wikidata.org/wiki/Q2597683,
517,BETA geoid 1428,GEOGRAPHY*TYPE*H,Vizcondado de  La Calzada ,https://www.wikidata.org/wiki/Q16647052,
529,BETA geoid 1437,GEOGRAPHY*TYPE*T,Condado de Collesano,https://www.wikidata.org/wiki/Q5781524,
531,BETA geoid 1437,,,https://it.wikipedia.org/wiki/Collesano,
530,BETA geoid 1437,,,https://es.wikipedia.org/wiki/Condado_de_Collesano,
548,BETA geoid 1452,GEOGRAPHY*TYPE*S,Estado do Grão-Pará e Maranhão ,https://www.wikidata.org/wiki/Q616965,
559,BETA geoid 1460,GEOGRAPHY*TYPE*MN,Abadía de Santa María de Benevívere,https://www.wikidata.org/wiki/Q6898311,
568,BETA geoid 1466,GEOGRAPHY*TYPE*K,Reino de Toledo,https://www.wikidata.org/wiki/Q2301372,
571,BETA geoid 1469,GEOGRAPHY*TYPE*R,La Armuña,https://www.wikidata.org/wiki/Q2456497,
590,BETA geoid 1489,GEOGRAPHY*TYPE*R,Ribera de Amberes,,
614,BETA geoid 1510,GEOGRAPHY*TYPE*CA,Extremadura (comunidad autónoma),https://www.wikidata.org/wiki/Q5777,
616,BETA geoid 1512,GEOGRAPHY*TYPE*U,Ducado de Lancaster,https://www.wikidata.org/wiki/Q2914544,
617,BETA geoid 1513,GEOGRAPHY*TYPE*K,Regno di Sardegna,https://www.wikidata.org/wiki/Q165154,
618,BETA geoid 1513,,,https://es.wikipedia.org/wiki/Reino_de_CerdeC3%B1a,
621,BETA geoid 1515,GEOGRAPHY*TYPE*K,Reino de Galicia,https://www.wikidata.org/wiki/Q303421,
623,BETA geoid 1517,GEOGRAPHY*TYPE*B,Batalla de La Higueruela,https://www.wikidata.org/wiki/Q1807251,
642,BETA geoid 1533,GEOGRAPHY*TYPE*B,"Batalla de Olmedo (1445
",https://www.wikidata.org/wiki/Q2473814,
646,BETA geoid 1537,GEOGRAPHY*TYPE*T,Torrebuceit,,
665,BETA geoid 1556,GEOGRAPHY*TYPE*R,Sobrarbe,https://www.wikidata.org/wiki/Q1340288,
667,BETA geoid 1556,,,https://es.wikipedia.org/wiki/Sobrarbe,
670,BETA geoid 1559,GEOGRAPHY*TYPE*T,Fuentes de los Oteros,https://www.wikidata.org/wiki/Q5870388,
675,BETA geoid 1564,GEOGRAPHY*TYPE*B,Puente del Paso Honroso,https://www.wikidata.org/wiki/Q2055623,
678,BETA geoid 1565,GEOGRAPHY*TYPE*C,Condado de Lemos,https://www.wikidata.org/wiki/Q8349573,
686,BETA geoid 1571,GEOGRAPHY*TYPE*J,Castillo de Castilnovo,,
694,BETA geoid 1580,GEOGRAPHY*TYPE*T,Clamosa,https://www.wikidata.org/wiki/Q3333452,
729,BETA geoid 1609,GEOGRAPHY*TYPE*M,Peñon de Gibraltar,https://www.wikidata.org/wiki/Q690347,
736,BETA geoid 1613,GEOGRAPHY*TYPE*T,Ferentino,https://www.wikidata.org/wiki/Q50197,
738,BETA geoid 1615,GEOGRAPHY*TYPE*R,El Alcor,,
739,BETA geoid 1616,GEOGRAPHY*TYPE*U,Ducado de Terranova,https://www.wikidata.org/wiki/Q5814768,
740,BETA geoid 1616,,,https://es.wikipedia.org/wiki/Ducado_de_Terranova,
741,BETA geoid 1617,GEOGRAPHY*TYPE*J,Castel Sant’Angelo,https://www.wikidata.org/wiki/Q486382,
742,BETA geoid 1617,,,https://es.wikipedia.org/wiki/Castillo_de_Sant%27Angelo,
744,BETA geoid 1619,GEOGRAPHY*TYPE*M,Marquesado de Morante,,
745,BETA geoid 1620,GEOGRAPHY*TYPE*B,Batalla de Alfarrobeira (1449),https://www.wikidata.org/wiki/Q2887822,
753,BETA geoid 1626,GEOGRAPHY*TYPE*T,Santa Olaya,https://www.wikidata.org/wiki/Q56493342,
759,BETA geoid 1630,GEOGRAPHY*TYPE*R,Valentinois,https://www.wikidata.org/wiki/Q335108,
767,BETA geoid 1637,GEOGRAPHY*TYPE*C,Earl of Balcarres,https://www.wikidata.org/wiki/Q5326202,
771,BETA geoid 1640,GEOGRAPHY*TYPE*R,Grecia,,
781,BETA geoid 1649,GEOGRAPHY*TYPE*K,"Castillo de El Barco de Ávila
",https://www.wikidata.org/wiki/Q187933,
786,BETA geoid 1654,GEOGRAPHY*TYPE*P,Baixo Alentejo,https://www.wikidata.org/wiki/Q788653,
789,BETA geoid 1657,GEOGRAPHY*TYPE*T,Noya,https://www.wikidata.org/wiki/Q600649,
795,BETA geoid 1663,GEOGRAPHY*TYPE*CA,País Vasco,https://www.wikidata.org/wiki/Q3995,
824,BETA geoid 1690,GEOGRAPHY*TYPE*T,Ventimiglia,https://www.wikidata.org/wiki/Q191759,
831,BETA geoid 1696,GEOGRAPHY*TYPE*J,Castillo de Alba,https://www.wikidata.org/wiki/Q26696043,
834,BETA geoid 1699,GEOGRAPHY*TYPE*N,República de Roma,https://www.wikidata.org/wiki/Q17167,
842,BETA geoid 1705,GEOGRAPHY*TYPE*R,Guipúzcoa,,
845,BETA geoid 1708,GEOGRAPHY*TYPE*B,Batalla del Salado (1340),https://www.wikidata.org/wiki/Q1792643,
846,BETA geoid 1709,GEOGRAPHY*TYPE*T,Sijilmasa,https://www.wikidata.org/wiki/Q1334331,
847,BETA geoid 1710,GEOGRAPHY*TYPE*T,Tobarriela,,
848,BETA geoid 1711,GEOGRAPHY*TYPE*T,Numancia,https://www.wikidata.org/wiki/Q623407,
849,BETA geoid 1712,GEOGRAPHY*TYPE*T,Tablada de Villadiego,https://www.wikidata.org/wiki/Q6137777,
851,BETA geoid 1715,GEOGRAPHY*TYPE*T,Città Sant’Angelo,https://www.wikidata.org/wiki/Q51356,
852,BETA geoid 1715,,,https://it.wikipedia.org/wiki/Citt%C3%A0_Sant%27Angelo,
854,BETA geoid 1715,,,https://es.wikipedia.org/wiki/Ducado_de_Sant%C3%A1ngelo,
859,BETA geoid 1720,GEOGRAPHY*TYPE*T,Gandul,https://www.wikidata.org/wiki/Q6438547,
860,BETA geoid 1721,GEOGRAPHY*TYPE*K,Castillo de Marchenilla,https://www.wikidata.org/wiki/Q5757426,
862,BETA geoid 1723,GEOGRAPHY*TYPE*B,Batalla de Bosworth (1485),https://www.wikidata.org/wiki/Q222013,
867,BETA geoid 1728,GEOGRAPHY*TYPE*D,Diócesis de Segovia,https://www.wikidata.org/wiki/Q876311,
881,BETA geoid 1741,GEOGRAPHY*TYPE*J,Viscondado de Cabrera,https://www.wikidata.org/wiki/Q4895050,
883,BETA geoid 1742,GEOGRAPHY*TYPE*D,Diócesis de Sigüenza,https://www.wikidata.org/wiki/Q49588307,
892,BETA geoid 1749,GEOGRAPHY*TYPE*J,Castillo de Burriac,https://www.wikidata.org/wiki/Q12822,
896,BETA geoid 1753,GEOGRAPHY*TYPE*D,Diócesis de Salamanca,https://www.wikidata.org/wiki/Q581448,
897,BETA geoid 1754,GEOGRAPHY*TYPE*A,Archidiócesis de Caesarea,https://www.wikidata.org/wiki/Q1025445,
899,BETA geoid 1756,GEOGRAPHY*TYPE*T,Gerson-lès-Barby,https://www.wikidata.org/wiki/Q16508135,
910,BETA geoid 1765,GEOGRAPHY*TYPE*Y,Principality of Wales,https://www.wikidata.org/wiki/Q1483510,
918,BETA geoid 1771,GEOGRAPHY*TYPE*T,Marquesado de La Regalía,https://www.wikidata.org/wiki/Q6001529,
925,BETA geoid 1776,GEOGRAPHY*TYPE*T,San Martín de Muñatones,https://www.wikidata.org/wiki/Q12263970,
926,BETA geoid 1777,GEOGRAPHY*TYPE*T,San Julián de Musques,https://www.wikidata.org/wiki/Q12266881,
931,BETA geoid 1781,GEOGRAPHY*TYPE*T,Butrón,https://www.wikidata.org/wiki/Q12255564,
937,BETA geoid 1786,GEOGRAPHY*TYPE*J,Torre de Salazar,https://www.wikidata.org/wiki/Q11704645,
938,BETA geoid 1787,GEOGRAPHY*TYPE*T,La Cerca,https://www.wikidata.org/wiki/Q12255716,
964,BETA geoid 1812,GEOGRAPHY*TYPE*D,Diócesis de Palencia,https://www.wikidata.org/wiki/Q873787,
965,BETA geoid 1813,GEOGRAPHY*TYPE*D,Diócesis de Córdoba,https://www.wikidata.org/wiki/Q2089661,
966,BETA geoid 1814,GEOGRAPHY*TYPE*D,Diócesis de Badajoz,https://www.wikidata.org/wiki/Q50361987,
967,BETA geoid 1815,GEOGRAPHY*TYPE*D,Diócesis de Burgos,https://www.wikidata.org/wiki/Q50188835,
978,BETA geoid 1825,GEOGRAPHY*TYPE*M,Marquesado de Cazaza,https://www.wikidata.org/wiki/Q112122245,
992,BETA geoid 1838,GEOGRAPHY*TYPE*D,Diócesis de Ávila,https://www.wikidata.org/wiki/Q878669,
993,BETA geoid 1839,GEOGRAPHY*TYPE*D,Diócesis de Ostia,https://www.wikidata.org/wiki/Q19833369,
995,BETA geoid 1841,GEOGRAPHY*TYPE*D,Diócesis de León,https://www.wikidata.org/wiki/Q11361526,
999,BETA geoid 1843,GEOGRAPHY*TYPE*R,Hainaut,https://www.wikidata.org/wiki/Q3125766,
1006,BETA geoid 1851,GEOGRAPHY*TYPE*U,Ducado de Milano,https://www.wikidata.org/wiki/Q153529,
1013,BETA geoid 1856,GEOGRAPHY*TYPE*D,Diócesis de Barcelona,https://www.wikidata.org/wiki/Q49814515,
1014,BETA geoid 1857,GEOGRAPHY*TYPE*D,Diócesis de Albacete,https://www.wikidata.org/wiki/Q866785,
1015,BETA geoid 1858,GEOGRAPHY*TYPE*D,Diócesis de Teruel-Albarracín,https://www.wikidata.org/wiki/Q550526,
1016,BETA geoid 1859,GEOGRAPHY*TYPE*D,Diócesis de Almería,https://www.wikidata.org/wiki/Di%C3%B3cesis%20de%20Almer%C3%ADa,
1017,BETA geoid 1860,GEOGRAPHY*TYPE*D,Diócesis de Astorga,https://www.wikidata.org/wiki/Q866933,
1018,BETA geoid 1861,GEOGRAPHY*TYPE*D,Diócesis de Barbastro,https://www.wikidata.org/wiki/Q49478313,
1019,BETA geoid 1862,GEOGRAPHY*TYPE*D,Diócesis de Bilbao,https://www.wikidata.org/wiki/Q867170,
1020,BETA geoid 1863,GEOGRAPHY*TYPE*D,Diócesis de Cádiz,https://www.wikidata.org/wiki/Q104155957,
1021,BETA geoid 1864,GEOGRAPHY*TYPE*D,Diócesis de Calahorra,https://www.wikidata.org/wiki/Q50361156,
1022,BETA geoid 1865,GEOGRAPHY*TYPE*D,Diócesis de Pamplona,https://www.wikidata.org/wiki/Q50212440,
1024,BETA geoid 1867,GEOGRAPHY*TYPE*D,Diócesis de Canarias,https://www.wikidata.org/wiki/Q870277,
1025,BETA geoid 1868,GEOGRAPHY*TYPE*D,Diócesis de Cartagena,https://www.wikidata.org/wiki/Q374139,
1026,BETA geoid 1869,GEOGRAPHY*TYPE*A,Archidiócesis de Granada,https://www.wikidata.org/wiki/Q1364547,
1027,BETA geoid 1870,GEOGRAPHY*TYPE*D,Diócesis de Ciudad Real,https://www.wikidata.org/wiki/Q601786,
1028,BETA geoid 1871,GEOGRAPHY*TYPE*D,Diócesis de Ciudad Rodrigo,https://www.wikidata.org/wiki/Q601786,
1029,BETA geoid 1872,GEOGRAPHY*TYPE*A,Archidiócesis de Valladolid,https://www.wikidata.org/wiki/Q1365821,
1030,BETA geoid 1873,GEOGRAPHY*TYPE*D,Diócesis de Coria,https://www.wikidata.org/wiki/Q50361725,
1031,BETA geoid 1874,GEOGRAPHY*TYPE*D,Diócesis de Cuenca,https://www.wikidata.org/wiki/Q474978,
1033,BETA geoid 1876,GEOGRAPHY*TYPE*D,Diócesis de Guadix,https://www.wikidata.org/wiki/Q50368790,
1034,BETA geoid 1877,GEOGRAPHY*TYPE*D,Diócesis de Huelva,https://www.wikidata.org/wiki/Q869535,
1035,BETA geoid 1878,GEOGRAPHY*TYPE*D,Diócesis de Huesca,https://www.wikidata.org/wiki/Q869543,
1036,BETA geoid 1879,GEOGRAPHY*TYPE*D,Diócesis de Ibiza,https://www.wikidata.org/wiki/Q869631,
1037,BETA geoid 1880,GEOGRAPHY*TYPE*D,Diócesis de Jaca,https://www.wikidata.org/wiki/Q611109,
1038,BETA geoid 1881,GEOGRAPHY*TYPE*D,Diócesis de Jaén,https://www.wikidata.org/wiki/Q869971,
1039,BETA geoid 1882,GEOGRAPHY*TYPE*D,Diócesis de Oviedo,https://www.wikidata.org/wiki/Q50220037,
1040,BETA geoid 1883,GEOGRAPHY*TYPE*D,Diócesis de Lérida,https://www.wikidata.org/wiki/Q871381,
1041,BETA geoid 1884,GEOGRAPHY*TYPE*D,Diócesis de Lugo,https://www.wikidata.org/wiki/Q871484,
1042,BETA geoid 1885,GEOGRAPHY*TYPE*A,Archidiócesis de Santiago de Compostela,https://www.wikidata.org/wiki/Q1365537,
1044,BETA geoid 1887,GEOGRAPHY*TYPE*A,Diócesis de Málaga,https://www.wikidata.org/wiki/Q1365860,
1045,BETA geoid 1888,GEOGRAPHY*TYPE*D,Diócesis de Menorca,https://www.wikidata.org/wiki/Q872332,
1046,BETA geoid 1889,GEOGRAPHY*TYPE*D,Diócesis de Mondoñedo,https://www.wikidata.org/wiki/Q50359853,
1047,BETA geoid 1890,GEOGRAPHY*TYPE*D,Diócesis de Orense,https://www.wikidata.org/wiki/Q476911,
1048,BETA geoid 1891,GEOGRAPHY*TYPE*D,Diócesis de Orihuela,https://www.wikidata.org/wiki/Q50363041,
1049,BETA geoid 1892,GEOGRAPHY*TYPE*D,Diócesis de Plasencia,https://www.wikidata.org/wiki/Q874320,
1050,BETA geoid 1893,GEOGRAPHY*TYPE*D,Diócesis de San Sebastián,https://www.wikidata.org/wiki/Q875955,
1052,BETA geoid 1895,GEOGRAPHY*TYPE*D,Diócesis de Santander,https://www.wikidata.org/wiki/Q876099,
1053,BETA geoid 1896,GEOGRAPHY*TYPE*D,Diócesis de Segorbe,https://www.wikidata.org/wiki/Q50304910,
,BETA geoid 1896,GEOGRAPHY*TYPE*D,Diócesis de Segorbe-Abarracín,https://www.wikidata.org/wiki/Q50304774,
1055,BETA geoid 1898,GEOGRAPHY*TYPE*D,Diócesis de Solsona,https://www.wikidata.org/wiki/Q388663,
1056,BETA geoid 1899,GEOGRAPHY*TYPE*D,Diócesis de Tarazona,https://www.wikidata.org/wiki/Q877146,
1057,BETA geoid 1900,GEOGRAPHY*TYPE*D,Diócesis de Tortosa,https://www.wikidata.org/wiki/Q571802,
1058,BETA geoid 1901,GEOGRAPHY*TYPE*D,Diócesis de Tuy,https://www.wikidata.org/wiki/Q50360006,
1060,BETA geoid 1903,GEOGRAPHY*TYPE*D,Diócesis de Vitoria,https://www.wikidata.org/wiki/Q877947,
1061,BETA geoid 1904,GEOGRAPHY*TYPE*D,Diócesis de Zamora,https://www.wikidata.org/wiki/Q878360,
1062,BETA geoid 1905,GEOGRAPHY*TYPE*D,Archidiócesis de Genova,https://www.wikidata.org/wiki/Q953317,
1063,BETA geoid 1906,GEOGRAPHY*TYPE*D,Diócesis de Lisboa,https://www.wikidata.org/wiki/Q50225894,
1064,BETA geoid 1907,GEOGRAPHY*TYPE*D,Diócesis de Coimbra,https://www.wikidata.org/wiki/Q959993,
1065,BETA geoid 1908,GEOGRAPHY*TYPE*D,Diócesis de Évora,https://www.wikidata.org/wiki/Q104713446,
1066,BETA geoid 1909,GEOGRAPHY*TYPE*D,Diócesis de Elne,https://www.wikidata.org/wiki/Q111264512,
1068,BETA geoid 1911,GEOGRAPHY*TYPE*D,Archidiócesis de Arles,https://www.wikidata.org/wiki/Q937969,
1069,BETA geoid 1912,GEOGRAPHY*TYPE*B,Batalla de Las Navas de Tolosa (1212),https://www.wikidata.org/wiki/Q219697,
1070,BETA geoid 1913,GEOGRAPHY*TYPE*D,Diócesis de Oporto,https://www.wikidata.org/wiki/Q672839,
1071,BETA geoid 1914,GEOGRAPHY*TYPE*D,Diócesis de Faro,https://www.wikidata.org/wiki/Q868838,
1072,BETA geoid 1915,GEOGRAPHY*TYPE*D,Diócesis de Fermo,https://www.wikidata.org/wiki/Q105549508,
1074,BETA geoid 1919,GEOGRAPHY*TYPE*D,Sede suburbicaria de Albano,https://www.wikidata.org/wiki/Q866790,
1077,BETA geoid 1923,GEOGRAPHY*TYPE*J,Torre di San Vincenzo,parte de Castel Nuovo,
1078,BETA geoid 1924,GEOGRAPHY*TYPE*J,Castel Nuovo,https://www.wikidata.org/wiki/Q781219,
1079,BETA geoid 1924,,,https://es.wikipedia.org/wiki/Castel_Nuovo,
1082,BETA geoid 1927,GEOGRAPHY*TYPE*D,Diócesis de Guarda,https://www.wikidata.org/wiki/Q869310,
1083,BETA geoid 1928,GEOGRAPHY*TYPE*D,Sede suburbicaria de Palestrina,https://www.wikidata.org/wiki/Q873821,
1085,BETA geoid 1930,GEOGRAPHY*TYPE*D,Sede suburbicaria de Porto-Santa Rufina,https://www.wikidata.org/wiki/Q874498,
1086,BETA geoid 1931,GEOGRAPHY*TYPE*D,Diócesis de Lamego,https://www.wikidata.org/wiki/Q1837211,
1088,BETA geoid 1933,GEOGRAPHY*TYPE*D,Diócesis de Orte,https://www.wikidata.org/wiki/Q25112930,
1089,BETA geoid 1934,GEOGRAPHY*TYPE*D,Diócesis de Minervino Murge,https://www.wikidata.org/wiki/Q25112779,
1090,BETA geoid 1935,GEOGRAPHY*TYPE*D,Diócesis de Tudela,https://www.wikidata.org/wiki/Q3573252,
1092,BETA geoid 1937,GEOGRAPHY*TYPE*D,Sidon,https://www.wikidata.org/wiki/Q1372320,
1095,BETA geoid 1940,GEOGRAPHY*TYPE*N,Bosnia,https://www.wikidata.org/wiki/Q225,
1097,BETA geoid 1943,GEOGRAPHY*TYPE*D,Diócesis de Perugia,https://www.wikidata.org/wiki/Q111450357,
1098,BETA geoid 1944,GEOGRAPHY*TYPE*A,Archidiócesis de Capua,https://www.wikidata.org/wiki/Q1364294,
1099,BETA geoid 1945,GEOGRAPHY*TYPE*D,Archidiócesis de Oristan,https://www.wikidata.org/wiki/Q1365193,
1100,BETA geoid 1946,GEOGRAPHY*TYPE*A,Archidiócesis de Cosenza-Bisignano,https://www.wikidata.org/wiki/Q600661,
1102,BETA geoid 1948,GEOGRAPHY*TYPE*A,archidiócesis de Sorrento-Castellammare di Stabia,https://www.wikidata.org/wiki/Q599985,
1104,BETA geoid 1950,GEOGRAPHY*TYPE*D,"Diócesis de Ozieri
",https://www.wikidata.org/wiki/Q841794,
1107,BETA geoid 1953,GEOGRAPHY*TYPE*D,Sede suburbicaria de Frascati,https://www.wikidata.org/wiki/Q868959,
1111,BETA geoid 1957,GEOGRAPHY*TYPE*T,Fort Augustus,https://en.wikipedia.org/wiki/Fort_Augustus,
1112,BETA geoid 1958,GEOGRAPHY*TYPE*D,Archidiócesis de Bari-Bitonto,https://www.wikidata.org/wiki/Q541341,
1114,BETA geoid 1960,GEOGRAPHY*TYPE*K,Castillo de Hawthornden,https://www.wikidata.org/wiki/Q5685543,
1119,BETA geoid 1965,GEOGRAPHY*TYPE*EN,Encomienda de Biezma,https://www.wikidata.org/wiki/Q125111097,
1121,BETA geoid 1968,GEOGRAPHY*TYPE*T,Real de la Vega de Granada,,
1126,BETA geoid 1973,GEOGRAPHY*TYPE*T,Castillo de Salses,https://www.wikidata.org/wiki/Q371069,
1133,BETA geoid 1980,GEOGRAPHY*TYPE*R,Empordà,https://www.wikidata.org/wiki/Q597320,
1137,BETA geoid 1984,GEOGRAPHY*TYPE*T,Patraix,https://www.wikidata.org/wiki/Q55226,
1142,BETA geoid 1989,GEOGRAPHY*TYPE*R,La Alpujarra,https://www.wikidata.org/wiki/Q661868,
1143,BETA geoid 1990,GEOGRAPHY*TYPE*T,La Goleta,https://www.wikidata.org/wiki/Q798445,
1145,BETA geoid 1992,GEOGRAPHY*TYPE*T,Tejadillo,,
1151,BETA geoid 1996,GEOGRAPHY*TYPE*R,Campo de Murviedro,https://www.wikidata.org/wiki/Q925790,
1155,BETA geoid 1999,GEOGRAPHY*TYPE*T,Benimuslem,https://www.wikidata.org/wiki/Q1919328,
1173,BETA geoid 2016,GEOGRAPHY*TYPE*D,Diócesis de Idanha,,
1187,BETA geoid 2030,GEOGRAPHY*TYPE*A,Archidiócesis de Sassari,https://www.wikidata.org/wiki/Q1365541,
1195,BETA geoid 2038,GEOGRAPHY*TYPE*T,Guardia dels Prats,https://www.wikidata.org/wiki/Q11930549,
1196,BETA geoid 2039,GEOGRAPHY*TYPE*T,Valle de Aibar,https://www.wikidata.org/wiki/Q104640619,
1207,BETA geoid 2049,GEOGRAPHY*TYPE*MN,Monasterio de Valdescopezo,https://www.wikidata.org/wiki/Q79389629,
1216,BETA geoid 2058,GEOGRAPHY*TYPE*T,Valdefuentes,municipio antiguo,
1217,BETA geoid 2059,GEOGRAPHY*TYPE*T,Villaudela,municipio antiguo,
1221,BETA geoid 2063,GEOGRAPHY*TYPE*O,Señorío de Vizcaya,https://www.wikidata.org/wiki/Q3045810,
1222,BETA geoid 2063,,,https://es.wikipedia.org/wiki/Se%C3%B1or%C3%ADo_de_Vizcaya,
1236,BETA geoid 2079,GEOGRAPHY*TYPE*R,Romagna,https://www.wikidata.org/wiki/Q244482,
1241,BETA geoid 2085,GEOGRAPHY*TYPE*T,Romego,municipio antiguo,
1244,BETA geoid 2088,GEOGRAPHY*TYPE*R,Las Encartaciones,https://www.wikidata.org/wiki/Q582166,
1249,BETA geoid 2093,GEOGRAPHY*TYPE*D,Dol,https://www.wikidata.org/wiki/Q868440,
1259,BETA geoid 2103,GEOGRAPHY*TYPE*T,Arcila,https://www.wikidata.org/wiki/Q730328,
1280,BETA geoid 2122,GEOGRAPHY*TYPE*T,Cascia,https://www.wikidata.org/wiki/Q20384,
1285,BETA geoid 2126,GEOGRAPHY*TYPE*U,Ducado de Bretagne,https://www.wikidata.org/wiki/Q71747,
1286,BETA geoid 2126,,,https://es.wikipedia.org/wiki/Ducado_de_Breta%C3%B1a,
1304,BETA geoid 2139,GEOGRAPHY*TYPE*T,Coto de Cabo de Angoa,municipio antiguo,
1305,BETA geoid 2140,GEOGRAPHY*TYPE*T,Treceño,https://www.wikidata.org/wiki/Q6152062,
1306,BETA geoid 2141,GEOGRAPHY*TYPE*T,Hinojedo,https://www.wikidata.org/wiki/Q2879887,
1315,BETA geoid 2148,GEOGRAPHY*TYPE*T,Blascoeles,https://www.wikidata.org/wiki/Q61747610,
1319,BETA geoid 2152,GEOGRAPHY*TYPE*T,Luezas,https://www.wikidata.org/wiki/Q2918490,
1323,BETA geoid 2156,GEOGRAPHY*TYPE*T,Mahave,https://www.wikidata.org/wiki/Q5990027,
1324,BETA geoid 2157,GEOGRAPHY*TYPE*T,Ríocerezo,https://www.wikidata.org/wiki/Q54303039,
1350,BETA geoid 2181,GEOGRAPHY*TYPE*T,Évol,https://www.wikidata.org/wiki/Q3592820,
1352,BETA geoid 2183,GEOGRAPHY*TYPE*H,Vizcondado de  Alquerforadat ,,
1359,BETA geoid 2190,GEOGRAPHY*TYPE*O,Señorío de Urbasa,https://www.wikidata.org/wiki/Q111131899,
1360,BETA geoid 2190,,,https://es.wikipedia.org/wiki/Condado_de_Urbasa,
1371,BETA geoid 2199,GEOGRAPHY*TYPE*M,Marquesado de Eliche,https://www.wikidata.org/wiki/Q2837846,
1372,BETA geoid 2199,,,http://es.wikipedia.org/wiki/Heliche,
1384,BETA geoid 2211,GEOGRAPHY*TYPE*I,Isla de Lanzarote,https://www.wikidata.org/wiki/Q182432,
1385,BETA geoid 2211,,,https://es.wikipedia.org/wiki/Lanzarote,
1390,BETA geoid 2215,GEOGRAPHY*TYPE*I,Islas Filipinas,,
1396,BETA geoid 2221,GEOGRAPHY*TYPE*T,Escalada,https://www.wikidata.org/wiki/Q2844060,
1397,BETA geoid 2222,GEOGRAPHY*TYPE*T,San Martín de Elines,https://www.wikidata.org/wiki/Q3395164,
1407,BETA geoid 2231,GEOGRAPHY*TYPE*SO,Althorp,https://www.wikidata.org/wiki/Q441079,
1429,BETA geoid 2249,GEOGRAPHY*TYPE*H,Vizcondado de  Aguisy ,,
1443,BETA geoid 2263,GEOGRAPHY*TYPE*T,Revilla,https://www.wikidata.org/wiki/Q13050001,
1444,BETA geoid 2264,GEOGRAPHY*TYPE*B,Real sobre Tordehumos,,
1448,BETA geoid 2266,GEOGRAPHY*TYPE*T,Curueña,https://www.wikidata.org/wiki/Q52160834,
1451,BETA geoid 2269,GEOGRAPHY*TYPE*T,Varazze,https://www.wikidata.org/wiki/Q271358,
1452,BETA geoid 2270,GEOGRAPHY*TYPE*P,Savona,https://www.wikidata.org/wiki/Q16274,
1453,BETA geoid 2270,,,http://it.wikipedia.org/wiki/Provincia_di_Savona,
1461,BETA geoid 2275,GEOGRAPHY*TYPE*MO,Sierra Bermeja,https://www.wikidata.org/wiki/Q3483441,
1468,BETA geoid 2281,GEOGRAPHY*TYPE*T,Ruiseñada,https://www.wikidata.org/wiki/Q9071196,
1471,BETA geoid 2283,GEOGRAPHY*TYPE*T,Atocha,https://www.wikidata.org/wiki/Q3814594,
1485,BETA geoid 2294,GEOGRAPHY*TYPE*T,Lede,"http://en.wikipedia.org/wiki/Lede,_Belgium",
1486,BETA geoid 2295,GEOGRAPHY*TYPE*B,Batalla de Atapuerca (1054),https://www.wikidata.org/wiki/Q1219645,
1495,BETA geoid 2303,GEOGRAPHY*TYPE*K,Reino de Kandy,https://www.wikidata.org/wiki/Q1530762,
,,,,,
1502,BETA geoid 2309,GEOGRAPHY*TYPE*T,Francavilla,https://www.wikidata.org/wiki/Q51866,
1503,BETA geoid 2309,,,https://en.wikipedia.org/wiki/Duke_of_Francavilla,
1506,BETA geoid 2311,GEOGRAPHY*TYPE*U,Ducado de Mandas y Villanueva,https://www.wikidata.org/wiki/Q3699091,
1507,BETA geoid 2311,,,https://es.wikipedia.org/wiki/Ducado_de_Mandas_y_Villanueva,
1511,BETA geoid 2315,GEOGRAPHY*TYPE*P,Provincia de Padova,https://www.wikidata.org/wiki/Q16226,
1519,BETA geoid 2319,GEOGRAPHY*TYPE*T,Castillo de Alamin,https://www.wikidata.org/wiki/Q5757018,
1522,BETA geoid 2326,GEOGRAPHY*TYPE*N,El Salvador,https://www.wikidata.org/wiki/Q792,
1524,BETA geoid 2328,GEOGRAPHY*TYPE*T,Otranto,https://www.wikidata.org/wiki/Q52174,
1532,BETA geoid 2334,GEOGRAPHY*TYPE*T,Venta de Baños,https://www.wikidata.org/wiki/Q1657213,
1540,BETA geoid 2343,GEOGRAPHY*TYPE*M,Marquesado de Argenson,,
1543,BETA geoid 2346,GEOGRAPHY*TYPE*T,"Quintanaloranco
",https://www.wikidata.org/wiki/Q6095125,
1548,BETA geoid 2351,GEOGRAPHY*TYPE*T,Fabriano,https://www.wikidata.org/wiki/Q13145,
1555,BETA geoid 2357,GEOGRAPHY*TYPE*M,Marquesado de Esteva de las Delicias,https://www.wikidata.org/wiki/Q6000312,
1556,BETA geoid 2357,,,http://es.wikipedia.org/wiki/Marquesado_de_Esteva_de_las_Delicias,
1558,BETA geoid 2359,GEOGRAPHY*TYPE*T,Las Presillas,https://www.wikidata.org/wiki/Q5970719,
1560,BETA geoid 2362,GEOGRAPHY*TYPE*T,Sitizano,https://www.wikidata.org/wiki/Q18433257,
1561,BETA geoid 2363,GEOGRAPHY*TYPE*T,San Juan de Ortega,https://www.wikidata.org/wiki/Q3471530,
1562,BETA geoid 2364,GEOGRAPHY*TYPE*M,Marquesado de Lansdowne,https://www.wikidata.org/wiki/Q673873,
1565,BETA geoid 2366,GEOGRAPHY*TYPE*C,Earldom of Shelburne,https://www.wikidata.org/wiki/Q5326372,
1573,BETA geoid 2372,GEOGRAPHY*TYPE*T,Soncino,https://www.wikidata.org/wiki/Q42936,
1574,BETA geoid 2373,GEOGRAPHY*TYPE*P,Cremona,https://www.wikidata.org/wiki/Q16163,
1575,BETA geoid 2374,GEOGRAPHY*TYPE*R,Lombardia,https://www.wikidata.org/wiki/Q1210,
1578,BETA geoid 2377,GEOGRAPHY*TYPE*P,Perugia,https://www.wikidata.org/wiki/Q16240,
1579,BETA geoid 2377,,,http://it.wikipedia.org/wiki/Provincia_di_Perugia,
1580,BETA geoid 2378,GEOGRAPHY*TYPE*R,Umbria,https://www.wikidata.org/wiki/Q1280,
1583,BETA geoid 2381,GEOGRAPHY*TYPE*D,San Cristóbal de las Casas,https://www.wikidata.org/wiki/Q875714,
1588,BETA geoid 2386,GEOGRAPHY*TYPE*A,Archidiócesis de Goa,https://www.wikidata.org/wiki/Q105459182,
1589,BETA geoid 2387,GEOGRAPHY*TYPE*T,Lecároz,https://www.wikidata.org/wiki/Q3229254,
1590,BETA geoid 2388,GEOGRAPHY*TYPE*A,Archidiócesis de México,https://www.wikidata.org/wiki/Q586485,
1601,BETA geoid 2396,GEOGRAPHY*TYPE*M,Marquesado de La Cañada,https://www.wikidata.org/wiki/Q6001450,
1602,BETA geoid 2397,GEOGRAPHY*TYPE*J,Torre de las Palomas,https://www.wikidata.org/wiki/Q97634089,
1608,BETA geoid 2403,GEOGRAPHY*TYPE*O,Señorío de Stuart de Rothesay,https://www.wikidata.org/wiki/Q113489363,
1609,BETA geoid 2404,GEOGRAPHY*TYPE*T,Irache,https://www.wikidata.org/wiki/Q12259721,
1619,BETA geoid 2411,GEOGRAPHY*TYPE*K,Sevilla,https://www.wikidata.org/wiki/Q1796239,
1643,BETA geoid 2433,GEOGRAPHY*TYPE*M,Marquesado de San Juan de Piedras Albas,https://www.wikidata.org/wiki/Q24938306,
1650,BETA geoid 2439,GEOGRAPHY*TYPE*B,"Jornada de los Gelves (1510)
",https://www.wikidata.org/wiki/Q5936375,
1653,BETA geoid 2441,GEOGRAPHY*TYPE*U,Ducado de Guyena,https://www.wikidata.org/wiki/Q849324,
1654,BETA geoid 2441,,,http://fr.wikipedia.org/wiki/Guyenne,
1669,BETA geoid 2451,GEOGRAPHY*TYPE*U,Ducado de Estrées,https://fr.wikipedia.org/wiki/Famille_d%27Estr%C3%A9es,
1674,BETA geoid 2456,GEOGRAPHY*TYPE*T,"Castillo de San Silvestre
",https://www.wikidata.org/wiki/Q5757586,
1677,BETA geoid 2459,GEOGRAPHY*TYPE*MN,Santa María de Valldaura,https://www.wikidata.org/wiki/Q6021460,
1678,BETA geoid 2460,GEOGRAPHY*TYPE*MO,Coll de la Garrofera,https://www.wikidata.org/wiki/Q17482094,
1679,BETA geoid 2460,,,http://ca.wikipedia.org/wiki/Coll_de_la_Garrofera,
1681,BETA geoid 2462,GEOGRAPHY*TYPE*T,Gena,,
1686,BETA geoid 2466,GEOGRAPHY*TYPE*D,Diócesis de Braga,,
1692,BETA geoid 2472,GEOGRAPHY*TYPE*N,Sri Lanka,https://www.wikidata.org/wiki/Q854,
1695,BETA geoid 2474,GEOGRAPHY*TYPE*U,Ducado de La Roca,https://www.wikidata.org/wiki/Q5814798,
1696,BETA geoid 2474,,,http://es.wikipedia.org/wiki/Ducado_de_la_Roca,
1702,BETA geoid 2479,GEOGRAPHY*TYPE*T,La Santa Espina,https://www.wikidata.org/wiki/Q5965199,
1703,BETA geoid 2480,GEOGRAPHY*TYPE*B,Batalla de Alarcos (1195),https://www.wikidata.org/wiki/Q1481920,
1704,BETA geoid 2481,GEOGRAPHY*TYPE*U,Ducado de Aquitania,https://www.wikidata.org/wiki/Q7703611,
1706,BETA geoid 2483,GEOGRAPHY*TYPE*K,Salamina,https://es.wikipedia.org/wiki/Salamina_(Chipre),
1716,BETA geoid 2492,GEOGRAPHY*TYPE*D,Michoacán,https://www.wikidata.org/wiki/Q105846541,
1717,BETA geoid 2493,GEOGRAPHY*TYPE*D,Diócesis de Puebla-Tlaxcala,https://www.wikidata.org/wiki/Q104728389,
1721,BETA geoid 2496,GEOGRAPHY*TYPE*H,Vizcondado de  Matarrosa ,https://es.wikipedia.org/wiki/Matarrosa_del_Sil,
1727,BETA geoid 2504,GEOGRAPHY*TYPE*T,Arreigada,,
1740,BETA geoid 2516,GEOGRAPHY*TYPE*T,Cermignano,https://www.wikidata.org/wiki/Q51439,
1751,BETA geoid 2525,GEOGRAPHY*TYPE*R,"Castiel, baronía (región)",,
1774,BETA geoid 2547,GEOGRAPHY*TYPE*M,Marquesado de Aix,https://fr.wikipedia.org/wiki/Famille_de_Seyssel,
1789,BETA geoid 2562,GEOGRAPHY*TYPE*T,"Granada, en el Carmen de Lebrixa",,
1795,BETA geoid 2568,GEOGRAPHY*TYPE*T,Moray Lodge,,
1798,BETA geoid 2571,GEOGRAPHY*TYPE*U,Ducado de Saboya,https://www.wikidata.org/wiki/Q426025,
1799,BETA geoid 2571,,,https://es.wikipedia.org/wiki/Ducado_de_Saboya,
1800,BETA geoid 2572,GEOGRAPHY*TYPE*T,Calabazanos,https://www.wikidata.org/wiki/Q5662624,
1822,BETA geoid 2591,GEOGRAPHY*TYPE*P,Viterbo,https://www.wikidata.org/wiki/Q16318,
1830,BETA geoid 2599,GEOGRAPHY*TYPE*EN,Encomienda de Monfernando,,
1837,BETA geoid 2606,GEOGRAPHY*TYPE*T,La Aguilera,https://es.wikipedia.org/wiki/La_Aguilera_(Burgos),
1838,BETA geoid 2607,GEOGRAPHY*TYPE*SO,El Abrojo,https://www.wikidata.org/wiki/Q21004001,
1856,BETA geoid 2624,GEOGRAPHY*TYPE*T,Ucieda,https://www.wikidata.org/wiki/Q6155206,
1858,BETA geoid 2626,GEOGRAPHY*TYPE*SO,Zaraobe,https://www.wikidata.org/wiki/Q12269218,
1859,BETA geoid 2627,GEOGRAPHY*TYPE*T,Torrellano,https://www.wikidata.org/wiki/Q3328679,
1872,BETA geoid 2640,GEOGRAPHY*TYPE*R,Asturias de Santillana,https://www.wikidata.org/wiki/Q3330011,
1873,BETA geoid 2640,,,https://es.wikipedia.org/wiki/Asturias_de_Santillana,
1879,BETA geoid 2646,GEOGRAPHY*TYPE*T,Torre de la Reina,https://www.wikidata.org/wiki/Q70359880,
1885,BETA geoid 2652,GEOGRAPHY*TYPE*J,Castillo de Alhabar,https://www.wikidata.org/wiki/Q24049968,
1886,BETA geoid 2652,,,https://es.wikipedia.org/wiki/Castillo_de_Alhabar,
1896,BETA geoid 2659,GEOGRAPHY*TYPE*EN,Villanueva de la Fuente,https://database.factgrid.de/wiki/Item:Q356925,
1911,BETA geoid 2671,GEOGRAPHY*TYPE*J,Casa-fuerte de El Campillo (El Escorial) ,https://database.factgrid.de/wiki/Item:Q356925,
1917,BETA geoid 2676,GEOGRAPHY*TYPE*T,Higares,,
1920,BETA geoid 2679,GEOGRAPHY*TYPE*T,Vernes,http://www.mairie-arrigas.net/index.php/site-map/2012-03-02-07-28-31/91-vernes,
1925,BETA geoid 2682,GEOGRAPHY*TYPE*M,Marquesado de La Garde de Chambonas,https://www.wikidata.org/wiki/Q3065840,
1931,BETA geoid 2688,GEOGRAPHY*TYPE*J,Lumley Castle,https://www.wikidata.org/wiki/Q6703353,
1932,BETA geoid 2688,,,https://en.wikipedia.org/wiki/Lumley_Castle,
1936,BETA geoid 2691,GEOGRAPHY*TYPE*G,Parroquia de San Marcos de Teruel,,
1944,BETA geoid 2696,GEOGRAPHY*TYPE*M,"Marquesado del Vasto
",https://www.wikidata.org/wiki/Q6001720,
1946,BETA geoid 2698,GEOGRAPHY*TYPE*T,Ariano,https://www.wikidata.org/wiki/Q55000,
1947,BETA geoid 2699,GEOGRAPHY*TYPE*T,Apice,https://www.wikidata.org/wiki/Q55848,
1948,BETA geoid 2700,GEOGRAPHY*TYPE*T,Geraci,https://www.wikidata.org/wiki/Q386523,
1949,BETA geoid 2700,,,https://it.wikipedia.org/wiki/Contea_di_Geraci,
1964,BETA geoid 2712,GEOGRAPHY*TYPE*R,Goceano,https://www.wikidata.org/wiki/Q388954,
1965,BETA geoid 2712,,,https://it.wikipedia.org/wiki/Goceano,
1974,BETA geoid 2721,GEOGRAPHY*TYPE*M,Marquesado de San Felipe,https://www.wikidata.org/wiki/Q6000936,
1977,BETA geoid 2724,GEOGRAPHY*TYPE*P,,https://www.wikidata.org/wiki/Q3519,
1979,BETA geoid 2726,GEOGRAPHY*TYPE*D,Bari,https://en.wikipedia.org/wiki/Roman_Catholic_Diocese_of_Monopoli,
1981,BETA geoid 2728,GEOGRAPHY*TYPE*K,Túnez,https://es.wikipedia.org/wiki/T%C3%BAnez#Edad_Media,
1982,BETA geoid 2729,GEOGRAPHY*TYPE*I,Yerba,https://www.wikidata.org/wiki/Q188938,
1983,BETA geoid 2730,GEOGRAPHY*TYPE*T,Mendívil,https://www.wikidata.org/wiki/Q9031521,
1986,BETA geoid 2733,GEOGRAPHY*TYPE*D,Diócesis de Albi,https://www.wikidata.org/wiki/Q111382849,
1987,BETA geoid 2734,GEOGRAPHY*TYPE*T,Castelbuono,https://www.wikidata.org/wiki/Q491420,
1989,BETA geoid 2736,GEOGRAPHY*TYPE*T,Gangi,https://www.wikidata.org/wiki/Q502433,
2005,BETA geoid 2749,GEOGRAPHY*TYPE*P,Provincia de Castilla de la Orden de Santiago,,
2006,BETA geoid 2750,GEOGRAPHY*TYPE*J,Puente de Alcántara,https://www.wikidata.org/wiki/Q581532,
2007,BETA geoid 2750,,,https://es.wikipedia.org/wiki/Puente_de_AlcC3%A1ntara_(Toledo),
2008,BETA geoid 2751,GEOGRAPHY*TYPE*T,Rivabellosa,https://www.wikidata.org/wiki/Q3433384,
2019,BETA geoid 2761,GEOGRAPHY*TYPE*T,Ossining,https://www.wikidata.org/wiki/Q522356,
2020,BETA geoid 2762,GEOGRAPHY*TYPE*T,Évreus,https://www.wikidata.org/wiki/Q171800,
2024,BETA geoid 2768,GEOGRAPHY*TYPE*T,Rosarno,https://www.wikidata.org/wiki/Q54644,
2029,BETA geoid 2772,GEOGRAPHY*TYPE*T,San Gilésimo,,
2031,BETA geoid 2774,GEOGRAPHY*TYPE*R,Alentejo,https://www.wikidata.org/wiki/Q20963720,
2032,BETA geoid 2775,GEOGRAPHY*TYPE*P,Alto Alentejo,https://www.wikidata.org/wiki/Q427518,
2033,BETA geoid 2776,GEOGRAPHY*TYPE*T,Noudar,https://www.wikidata.org/wiki/Q10337745,
2044,BETA geoid 2787,GEOGRAPHY*TYPE*T,Portland,https://www.wikidata.org/wiki/Q6106,
2048,BETA geoid 2791,GEOGRAPHY*TYPE*H,Vizcondado de Trindade ,https://pt.wikipedia.org/wiki/Visconde_da_Trindade,
2050,BETA geoid 2793,GEOGRAPHY*TYPE*M,Marquesado de Alcántara,,
2059,BETA geoid 2800,GEOGRAPHY*TYPE*T,t Goy,https://www.wikidata.org/wiki/Q2218910,
2062,BETA geoid 2803,GEOGRAPHY*TYPE*T,Zamudio,https://www.wikidata.org/wiki/Q146016,
2063,BETA geoid 2804,GEOGRAPHY*TYPE*T,Uríbarri,https://www.wikidata.org/wiki/Q2620673,
2066,BETA geoid 2806,GEOGRAPHY*TYPE*R,"La Axarquía
",https://www.wikidata.org/wiki/Q791881,
2079,BETA geoid 2815,GEOGRAPHY*TYPE*T,Idocin,https://www.wikidata.org/wiki/Q3393642,
2096,BETA geoid 2829,GEOGRAPHY*TYPE*T,Quintanilla Somuñó,https://www.wikidata.org/wiki/Q54302414,
2123,BETA geoid 2850,GEOGRAPHY*TYPE*T,Castañares,https://www.wikidata.org/wiki/Q2941342,
2130,BETA geoid 2857,GEOGRAPHY*TYPE*T,Belcastro,https://www.wikidata.org/wiki/Q53496,
2131,BETA geoid 2858,GEOGRAPHY*TYPE*P,Catanzaro,https://www.wikidata.org/wiki/Q16159,
2132,BETA geoid 2859,GEOGRAPHY*TYPE*R,Tierra de Campos,https://www.wikidata.org/wiki/Q2328124,
2157,BETA geoid 2881,GEOGRAPHY*TYPE*R,Ducado de Penthièvre,,
2156,BETA geoid 2881,,,https://fr.wikipedia.org/wiki/Liste_des_comtes_et_ducs_de_Penthi%C3%A8vre,
2158,BETA geoid 2881,,,https://es.wikipedia.org/wiki/Ducado_de_Penthi%C3%A8vre,
2160,BETA geoid 2882,,,https://en.wikipedia.org/wiki/Devon,
2161,BETA geoid 2883,GEOGRAPHY*TYPE*D,Diócesis de Melfi,https://www.wikidata.org/wiki/Q111991290,
2166,BETA geoid 2887,,,https://pt.wikipedia.org/wiki/Conde_de_Arrochela,
2168,BETA geoid 2889,GEOGRAPHY*TYPE*R,Vallespir,https://www.wikidata.org/wiki/Q15475,
2172,BETA geoid 2893,GEOGRAPHY*TYPE*CA,Castilla y León,https://www.wikidata.org/wiki/Q5739,
2173,BETA geoid 2894,GEOGRAPHY*TYPE*CA,Castilla-La Mancha,https://www.wikidata.org/wiki/Q5748,
2182,BETA geoid 2902,GEOGRAPHY*TYPE*O,Salinillas de Buradón,https://www.wikidata.org/wiki/Q2743634,
2192,BETA geoid 2910,GEOGRAPHY*TYPE*G,Altamira,https://www.wikidata.org/wiki/Q115930984,
2196,BETA geoid 2912,GEOGRAPHY*TYPE*i,Naxos,https://www.wikidata.org/wiki/Q188527,
2197,BETA geoid 2913,GEOGRAPHY*TYPE*T,Oaxaca de Juárez,https://www.wikidata.org/wiki/Q131429,
,BETA geoid 2918,GEOGRAPHY*TYPE*T,Vilallonga del Campo,https://www.wikidata.org/wiki/Q1189985,
,BETA geoid 2919,GEOGRAPHY*TYPE*B,Batalla de Olmedo (1467),https://www.wikidata.org/wiki/Q2295317,
,BETA geoid 2919,,,https://es.wikipedia.org/wiki/Batalla_de_Olmedo_(1467),